profile_id,target_O,target_N,persona_component,liwc_component,fewshot_component,fewshot_author_ids,fewshot_distances,o_percentile,n_percentile,target_emo_sad,target_focusfuture,target_mental,target_certitude,target_fatigue,target_Affect,target_adverb,target_swear
syn_0000,50.0,80.0,"a Reddit commenter who tends to seek novelty, ideas, and new experiences about as much as most people, and who tends to feel anxiety, worry, or emotional ups-and-downs somewhat more than most people","- emo_sad: words expressing sadness or low mood; aim for higher than typical (target ≈ 0.16% of words)
- focusfuture: words oriented toward the future (plans, will, gonna); aim for lower than typical (target ≈ 0.88% of words)
- mental: words referring to mental states or cognition about the mind; aim for lower than typical (target ≈ 0.03% of words)
- certitude: words expressing certainty or conviction; aim for about typical (target ≈ 0.96% of words)
- fatigue: words about tiredness or fatigue; aim for lower than typical (target ≈ 0.04% of words)
- Affect: overall affective / emotional language; aim for about typical (target ≈ 5.21% of words)
- adverb: adverbs that modify how actions or states are described; aim for about typical (target ≈ 6.89% of words)
- swear: swear / curse words; aim for lower than typical (target ≈ 0.17% of words)","Here are excerpts from writers with a closely matching linguistic profile. Match their voice, tone, and word choice — not their topics:

Example 1: ""They need to do it like in football, Champions league, and world cup. Where amount of teams from the region based on results from the teams. Every region still gets some amount of teams but proportion is based on their result in previous tournament(s). This system is quite balanced i think. they have some kind of points system that goes to each region i think.""

Example 2: ""It worked!!! OMG AMAZING. Thank you! I don't see most of my extensions here! Maybe they are not as ""must have"" as I thought! Anyway, maybe some of you will find them useful or better yet, suggest something better:1. AutoPager - I was gonna suggest this first but it has apparently vanished from the store. [AutoPatchWork]( seems to be a decent alternative. Automatically loads the next page when you scroll down the current one. Pretty useful if you go to sites that require a lot of scrolling, i.e. reddit, comic/manga sites, search engines, etc.2.""","[290, 1191]","[0.6473, 0.737]",0.6115466856735566,0.7555238774055595,0.16,0.88,0.03,0.96,0.0368114410281066,5.21,6.89,0.17
syn_0001,17.0,40.0,"a Reddit commenter who tends to seek novelty, ideas, and new experiences somewhat less than most people, and who tends to feel anxiety, worry, or emotional ups-and-downs about as much as most people","- emo_sad: words expressing sadness or low mood; aim for about typical (target ≈ 0.11% of words)
- focusfuture: words oriented toward the future (plans, will, gonna); aim for about typical (target ≈ 1.27% of words)
- mental: words referring to mental states or cognition about the mind; aim for higher than typical (target ≈ 0.16% of words)
- certitude: words expressing certainty or conviction; aim for about typical (target ≈ 0.95% of words)
- fatigue: words about tiredness or fatigue; aim for lower than typical (target ≈ 0.00% of words)
- Affect: overall affective / emotional language; aim for lower than typical (target ≈ 3.63% of words)
- adverb: adverbs that modify how actions or states are described; aim for about typical (target ≈ 7.04% of words)
- swear: swear / curse words; aim for lower than typical (target ≈ 0.17% of words)","Here are excerpts from writers with a closely matching linguistic profile. Match their voice, tone, and word choice — not their topics:

Example 1: ""I know the minimum wage in Bremen is going from 6.5 to 8.5 euro an hour. I only know this because I work a minimum wage job. This might just put me above the poverty line. But then again this is Germany, and what is considered poor here is filthy rich for most of the world. I live at the top of Germany and mangos usually run between 1 and 2 euro a piece. I found them once for 50 cents on sale, it was a good day.""

Example 2: ""I like the new skyrail stations. They look sleek, modern and world class. Nothing wrong with steel, glass and wood because it'll always be timeless. That's why NYC and Vancouver are much prettier than Melbourne. Personally I don't like the ""funky"" places with artwork because they tend to become very daggy and dated very quickly. Oh yeah, I wonder how statistically unlikely it was for Leo to win an Oscar's - let alone on a leap day. I think I should buy a lottery ticket tonight, just incase.""","[1122, 45]","[0.8583, 0.9462]",0.31931575196008555,0.43264433357091947,0.11,1.27,0.16,0.95,0.0,3.6252803571082217,7.04,0.17
syn_0002,17.0,94.0,"a Reddit commenter who tends to seek novelty, ideas, and new experiences somewhat less than most people, and who tends to feel anxiety, worry, or emotional ups-and-downs much more than most people","- emo_sad: words expressing sadness or low mood; aim for higher than typical (target ≈ 0.29% of words)
- focusfuture: words oriented toward the future (plans, will, gonna); aim for higher than typical (target ≈ 1.65% of words)
- mental: words referring to mental states or cognition about the mind; aim for higher than typical (target ≈ 0.42% of words)
- certitude: words expressing certainty or conviction; aim for higher than typical (target ≈ 1.34% of words)
- fatigue: words about tiredness or fatigue; aim for lower than typical (target ≈ 0.00% of words)
- Affect: overall affective / emotional language; aim for higher than typical (target ≈ 7.96% of words)
- adverb: adverbs that modify how actions or states are described; aim for about typical (target ≈ 7.29% of words)
- swear: swear / curse words; aim for higher than typical (target ≈ 0.57% of words)","Here are excerpts from writers with a closely matching linguistic profile. Match their voice, tone, and word choice — not their topics:

Example 1: ""Weed, masturbation, videogames are childish wastes of time. You know what *really* keeps your brain active? Convincing women to have sex with you and then fucking them hard. IS THERE VERSION WITH MORE DIMENSIONS? WILL GIVE SQRT (888 $CHM€CKLES) THAT'S SO AWESOME!!! Last couple of Econ tall episodes were a bit lacking tbh. IOTA is made specifically for the Internet of Things and the huge amount of data sensors generate. Wasn't his stuff always about the effect of the Future Authoring program?I sincerely believe that this isn't just a ""No true Scotsman"".""

Example 2: ""Ho boy, I feel you. Quite recently I was in the same spot and the day before I had pretty much an anxiety attack and ended up canselling the whole thing.The funny thing is, I wasn’t really uncertain about what to say in response to questions or whatever, it was anxiety itself. I was afraid of getting shaky, sweaty and stammering during the interview. As in, I was afraid of being afraid. Realizing this did help a bit.Do you feel the same way or what are you mostly uncertain about?""","[1044, 930]","[1.7963, 1.8497]",0.31931575196008555,0.924447612259444,0.29,1.65,0.42,1.34,0.0,7.963170658597762,7.293675814722067,0.57
syn_0003,24.0,98.0,"a Reddit commenter who tends to seek novelty, ideas, and new experiences about as much as most people, and who tends to feel anxiety, worry, or emotional ups-and-downs much more than most people","- emo_sad: words expressing sadness or low mood; aim for higher than typical (target ≈ 0.38% of words)
- focusfuture: words oriented toward the future (plans, will, gonna); aim for about typical (target ≈ 1.27% of words)
- mental: words referring to mental states or cognition about the mind; aim for about typical (target ≈ 0.11% of words)
- certitude: words expressing certainty or conviction; aim for about typical (target ≈ 1.10% of words)
- fatigue: words about tiredness or fatigue; aim for higher than typical (target ≈ 0.09% of words)
- Affect: overall affective / emotional language; aim for about typical (target ≈ 6.26% of words)
- adverb: adverbs that modify how actions or states are described; aim for about typical (target ≈ 7.10% of words)
- swear: swear / curse words; aim for higher than typical (target ≈ 0.42% of words)","Here are excerpts from writers with a closely matching linguistic profile. Match their voice, tone, and word choice — not their topics:

Example 1: ""I'm so glad you mentioned this. I actually miss foods higher in fibre. They definitely kept me full longer, and they also tend to have a lot more nutrients (even as simple as brown bread/brown rice versus the white variety). It always comes down to: do I want the nutrients and healthier food, or do I want to not be doubled over in pain/living in the bathroom for days. :( Love your tip on finding new rewards though. I need to do that. Associating positive/relaxed feelings with food I think has been damaging for me!""

Example 2: ""IT TELLS A *STORY*. lol at your downvote. i heard good things about Riverdale! that before/after photo looks distorted - her chin looks sharper too... i'll need more proof!!!! altho i can see it happening but dang... 10 day recovery for the nose is not usual?? Oculus Reparo! You get a photo with her too... it's up to you. Do you have $800 disposable? If so, then do it. If you can cut $10 a week for the next 8 weeks from your savings... you'll have enough. Sometimes by Britney Spears. Gurl... she can't barely sing....""","[535, 14]","[1.1079, 1.1592]",0.39344262295081966,0.9828937990021382,0.38,1.27,0.11,1.1,0.09,6.26,7.1,0.42
syn_0004,60.0,98.0,"a Reddit commenter who tends to seek novelty, ideas, and new experiences somewhat more than most people, and who tends to feel anxiety, worry, or emotional ups-and-downs much more than most people","- emo_sad: words expressing sadness or low mood; aim for about typical (target ≈ 0.14% of words)
- focusfuture: words oriented toward the future (plans, will, gonna); aim for about typical (target ≈ 1.45% of words)
- mental: words referring to mental states or cognition about the mind; aim for lower than typical (target ≈ 0.01% of words)
- certitude: words expressing certainty or conviction; aim for about typical (target ≈ 1.06% of words)
- fatigue: words about tiredness or fatigue; aim for higher than typical (target ≈ 0.07% of words)
- Affect: overall affective / emotional language; aim for about typical (target ≈ 5.19% of words)
- adverb: adverbs that modify how actions or states are described; aim for lower than typical (target ≈ 4.82% of words)
- swear: swear / curse words; aim for about typical (target ≈ 0.33% of words)","Here are excerpts from writers with a closely matching linguistic profile. Match their voice, tone, and word choice — not their topics:

Example 1: ""You could tell that she wanted to abandon her talking points and just listen at a couple of points, but her stubborn ideology couldn't let her.Edit: I'm a woman that he has most certainly helped. [What do you think?]( I host quite a bit of affection for Sargon, but I'm not fond of seeing his bare ass. Didn't occur to me that this preference would be tested. For anyone who likes Jennifer Tilly, watch the movie [Bound]( It will make you so happy.""

Example 2: ""?? I said he's wrong about NSMB U mods. I explained why 3ds is of no interest to me. I haven't seen any good reason to get the Switch for my needs. The owners feel it adds some prestige, and makes the Yankees different. And it does.Is it stupid that they risk missing out on players due to the strict policy? Maybe. But it hasn't been much of an issue for them.Inb4 first Sikh MLB'er ends up a Yankee and causes a huge scandal. It's sure feeling that way. Still hoping for a miracle run.""","[855, 110]","[1.0066, 1.1554]",0.6856735566642908,0.9828937990021382,0.14,1.45,0.01,1.06,0.07,5.19,4.817377406570462,0.33
syn_0005,8.0,15.0,"a Reddit commenter who tends to seek novelty, ideas, and new experiences somewhat less than most people, and who tends to feel anxiety, worry, or emotional ups-and-downs somewhat less than most people","- emo_sad: words expressing sadness or low mood; aim for lower than typical (target ≈ 0.07% of words)
- focusfuture: words oriented toward the future (plans, will, gonna); aim for about typical (target ≈ 1.20% of words)
- mental: words referring to mental states or cognition about the mind; aim for lower than typical (target ≈ 0.06% of words)
- certitude: words expressing certainty or conviction; aim for lower than typical (target ≈ 0.42% of words)
- fatigue: words about tiredness or fatigue; aim for lower than typical (target ≈ 0.04% of words)
- Affect: overall affective / emotional language; aim for about typical (target ≈ 6.32% of words)
- adverb: adverbs that modify how actions or states are described; aim for about typical (target ≈ 5.78% of words)
- swear: swear / curse words; aim for lower than typical (target ≈ 0.20% of words)","Here are excerpts from writers with a closely matching linguistic profile. Match their voice, tone, and word choice — not their topics:

Example 1: ""Be careful. I'm keeping an eye on my step kids credit and I've learned that requesting a credit report for someone that doesn't already have one will actually start one. (Which, long story short, means that they could receive offers of credit by mail, etc) It may sound strange but I would recommend calling instead. Why are you shouting? So beautiful! Welcome to the neighborhood! My favorite neighborhood eats are Wayne's Wok, La Barca Birra and Adalbertacos.""

Example 2: ""Just watched this episode.Can't believe ""the power"" was six years ago . I use the rifle from horseback. First I slow down then I fire at the enemy. This was one of my favorite years. They shouldn't hog a vehicle slot all round. People should have some generosity and let other people play the vehicle as well. That's why I wanted it to be given as another option, not enforced. I would much rather have a cap on smgs and such but this is a compromise. I have a British scout.""","[1114, 211]","[0.7494, 0.9841]",0.17106200997861726,0.2323592302209551,0.07,1.2,0.06,0.4206212989299029,0.04,6.32,5.78,0.2
syn_0006,41.0,43.0,"a Reddit commenter who tends to seek novelty, ideas, and new experiences about as much as most people, and who tends to feel anxiety, worry, or emotional ups-and-downs about as much as most people","- emo_sad: words expressing sadness or low mood; aim for higher than typical (target ≈ 0.18% of words)
- focusfuture: words oriented toward the future (plans, will, gonna); aim for lower than typical (target ≈ 0.77% of words)
- mental: words referring to mental states or cognition about the mind; aim for lower than typical (target ≈ 0.05% of words)
- certitude: words expressing certainty or conviction; aim for lower than typical (target ≈ 0.77% of words)
- fatigue: words about tiredness or fatigue; aim for higher than typical (target ≈ 0.07% of words)
- Affect: overall affective / emotional language; aim for lower than typical (target ≈ 4.52% of words)
- adverb: adverbs that modify how actions or states are described; aim for about typical (target ≈ 6.55% of words)
- swear: swear / curse words; aim for lower than typical (target ≈ 0.24% of words)","Here are excerpts from writers with a closely matching linguistic profile. Match their voice, tone, and word choice — not their topics:

Example 1: ""Camelpaks are allowed. Isn't it infuriating?! Like obviously it isn't their *fault* if it doesn't get delivered (unless they never sent it in which case it's totally their fault), but it's not like it's our fault either. The most logical course of action would be to nix the late fee on the condition that the ticket is paid within X days of the customer service call, and if it's not then restore the late fee. HYMENS DON'T BREAK AT ALLsad that this is the second time in like a week that I've had to make that comment on reddit.""

Example 2: ""More like every day. I agree, Laurel is my favorite character and she's been acting a lot different after Wes died. Regardless of her type, I think she's an unhealthy for whatever she is. I'm not too confident about her Ni, but the fact I don't see her as an Ne user is why I don't think she could be INFP (though it's not dominant like the ENFP and INFP is still possible). I think learning from the thought process behind how she believes that her father killed Wes does sound like Ni to me.""","[1269, 402]","[0.9541, 0.9902]",0.5281539558089807,0.4540270848182466,0.18,0.77,0.05,0.77,0.07,4.52,6.55,0.24
syn_0007,1.0,61.0,"a Reddit commenter who tends to seek novelty, ideas, and new experiences much less than most people, and who tends to feel anxiety, worry, or emotional ups-and-downs about as much as most people","- emo_sad: words expressing sadness or low mood; aim for about typical (target ≈ 0.11% of words)
- focusfuture: words oriented toward the future (plans, will, gonna); aim for about typical (target ≈ 1.40% of words)
- mental: words referring to mental states or cognition about the mind; aim for higher than typical (target ≈ 0.18% of words)
- certitude: words expressing certainty or conviction; aim for lower than typical (target ≈ 0.64% of words)
- fatigue: words about tiredness or fatigue; aim for higher than typical (target ≈ 0.07% of words)
- Affect: overall affective / emotional language; aim for about typical (target ≈ 5.16% of words)
- adverb: adverbs that modify how actions or states are described; aim for lower than typical (target ≈ 3.84% of words)
- swear: swear / curse words; aim for about typical (target ≈ 0.34% of words)","Here are excerpts from writers with a closely matching linguistic profile. Match their voice, tone, and word choice — not their topics:

Example 1: ""If there were an award for my best roast, I'd give it to you. Let's cheers to this, and kick start my new eating disorder! Articles are not citations my misled friend. You start with doing dishes to Rammstein &amp; You end up cleaning your neighbor's house too. I believe so. The few blacks they see are extremely respectable, and conscious most likely. I've lived in neighborhoods where being afraid of black people was a perfectly reasonable and logical idea for the sake of self preservation.""

Example 2: ""It's a problem with all the corsair headsets, it's utterly ridiculous. *damage control*. utter rubbish from my honourable friend, i use my rented Challenger II tank to ~~crush~~ beat the morning traffic and get to my work on time. The vacuums used in marine archaeology are only designed to pick up light objects, these chemical rounds are around 30kg so wouldn't be able to be picked up without sucking a diver in. Aye. aYE. This is actually down to the UK's strange laws on consent.""","[548, 817]","[1.229, 1.3293]",0.05844618674269423,0.601568068424804,0.11,1.4,0.18,0.64,0.07,5.16,3.8351478517423416,0.34
syn_0008,39.0,75.0,"a Reddit commenter who tends to seek novelty, ideas, and new experiences about as much as most people, and who tends to feel anxiety, worry, or emotional ups-and-downs somewhat more than most people","- emo_sad: words expressing sadness or low mood; aim for lower than typical (target ≈ 0.06% of words)
- focusfuture: words oriented toward the future (plans, will, gonna); aim for lower than typical (target ≈ 1.11% of words)
- mental: words referring to mental states or cognition about the mind; aim for lower than typical (target ≈ 0.07% of words)
- certitude: words expressing certainty or conviction; aim for higher than typical (target ≈ 1.15% of words)
- fatigue: words about tiredness or fatigue; aim for about typical (target ≈ 0.06% of words)
- Affect: overall affective / emotional language; aim for higher than typical (target ≈ 6.53% of words)
- adverb: adverbs that modify how actions or states are described; aim for about typical (target ≈ 6.42% of words)
- swear: swear / curse words; aim for higher than typical (target ≈ 0.45% of words)","Here are excerpts from writers with a closely matching linguistic profile. Match their voice, tone, and word choice — not their topics:

Example 1: ""One day at a time, indeed. It's such a freeing way to live. I always placed so much value on planning ahead. But actually living each day separately frees up so much valuable real estate in my head, which allows me to be more attentive and thoughtful. Should we... thank the pilot then? Alright... My eyes hurt. English bloke on a pussy smoke. Not the same dog, not the same guy. Like you pulled the words straight from my mind-hole. Holy cow.""

Example 2: ""ex·is·ten·tial·istˌeɡzəˈsten(t)SHələst/Submitnoun1.a person who advocates the philosophical theory of existentialism.adjective1.relating to or supporting the philosophical theory of existentialism.""existentialist writers""Have you ever read Man's Search? It's basically the greatest piece of empirical evidence for existentialism. While I agree he was not a philosopher that expanded upon existentialism I have a hard time not seeing him as an existentialist as defined above. Peterson isn't a philosopher. Neither was Frankl. That does not mean they fon't apply existentialism and promote the concept of self-determinism. So I agree with you there. So let me get this straight.""","[680, 316]","[0.465, 0.7315]",0.5039201710620099,0.707056307911618,0.06,1.11,0.07,1.15,0.06,6.531709524229245,6.420919683659659,0.45
syn_0009,26.0,26.0,"a Reddit commenter who tends to seek novelty, ideas, and new experiences about as much as most people, and who tends to feel anxiety, worry, or emotional ups-and-downs somewhat less than most people","- emo_sad: words expressing sadness or low mood; aim for higher than typical (target ≈ 0.18% of words)
- focusfuture: words oriented toward the future (plans, will, gonna); aim for higher than typical (target ≈ 1.74% of words)
- mental: words referring to mental states or cognition about the mind; aim for lower than typical (target ≈ 0.04% of words)
- certitude: words expressing certainty or conviction; aim for about typical (target ≈ 0.83% of words)
- fatigue: words about tiredness or fatigue; aim for lower than typical (target ≈ 0.00% of words)
- Affect: overall affective / emotional language; aim for about typical (target ≈ 5.07% of words)
- adverb: adverbs that modify how actions or states are described; aim for higher than typical (target ≈ 7.64% of words)
- swear: swear / curse words; aim for about typical (target ≈ 0.29% of words)","Here are excerpts from writers with a closely matching linguistic profile. Match their voice, tone, and word choice — not their topics:

Example 1: ""Oh heck yes. I'll be in Korea all year - I would love to be able to attend any T-ara related event. I honestly laughed when the ghost appeared for Nayeon's trailer. Going to cry. Too late. In Old School Runescape with the skills/gear I have on Mabinogi. Considering I have half of the total skill sets at rank 1 with end game gear, I can HCIM btw all day. Absolutely love Agatha Christie.""

Example 2: ""Looks like we were pretty close on this one. EBCAD. [Here's mine.]( Excellent submission, thanks so much for posting. :DHope you like it!^^^[Tumblr]( And later, you should try the LLNIIENACMO challenge. Oh, uh, here's [an old one]( for the alt theme. I'm working on another 1950s drawing by coincidence, but I can already tell it's gonna take a while.Update: [Here]( is today's drawing for the alt theme. [Here's mine!]( I hope you like it!^^^[Tumblr]( Here is a [Mary Jane Watson/Stacey Rebecca]( try from a few days ago. Thanks! [Lunch break sketch]( - Borderlands 2: Angel. '82.""","[683, 554]","[0.8032, 0.9873]",0.4126870990734141,0.3207412687099073,0.18,1.74,0.04,0.83,0.0,5.07,7.638584569797328,0.29
syn_0010,28.0,9.0,"a Reddit commenter who tends to seek novelty, ideas, and new experiences about as much as most people, and who tends to feel anxiety, worry, or emotional ups-and-downs somewhat less than most people","- emo_sad: words expressing sadness or low mood; aim for about typical (target ≈ 0.14% of words)
- focusfuture: words oriented toward the future (plans, will, gonna); aim for about typical (target ≈ 1.40% of words)
- mental: words referring to mental states or cognition about the mind; aim for lower than typical (target ≈ 0.00% of words)
- certitude: words expressing certainty or conviction; aim for lower than typical (target ≈ 0.81% of words)
- fatigue: words about tiredness or fatigue; aim for lower than typical (target ≈ 0.04% of words)
- Affect: overall affective / emotional language; aim for higher than typical (target ≈ 7.31% of words)
- adverb: adverbs that modify how actions or states are described; aim for about typical (target ≈ 6.19% of words)
- swear: swear / curse words; aim for higher than typical (target ≈ 1.01% of words)","Here are excerpts from writers with a closely matching linguistic profile. Match their voice, tone, and word choice — not their topics:

Example 1: ""Perhaps that means Test cricket needs to be more of a money-spinner for the players, then? This is brilliant, I've forwarded it to my co-founders. They might even listen to some of the advice! LIKE A GLOVE. I had a substantial ETF book hedged with futures over non farm payroll. I lost my hard built $25,000 profit in about 2 seconds. The light was amazing. Worth enjoying on an IPS screen, but nothing compares to the real thing. It was spellbinding.Driving my hire car up Passo Rolle first was fantastic too :-D.""

Example 2: ""I keep fighting a guy who doesn't register hits and is 3 shotting me, fun. Moonlight GSCreighton's setWanderer HoodIllewlyn shield. I can drop the stuff you want for karma. Wanna trade Ruiner for Assassin's Creed III? Defender greatsword, thorned greatsword and heide weapons. Oh jeez, that head moves. If you're waiting X amount of time to write back on purpose that means you're just annoying and I am not going to write with you. Adrenaline junkie. Aay, congrats! I need this. Oh, I'm not planning to stop, no.""","[314, 495]","[0.761, 0.8335]",0.4240912330719886,0.16108339272986458,0.14,1.4,0.0,0.81,0.04,7.31067214118548,6.19,1.014751532866203
syn_0011,84.92988441557782,90.0,"a Reddit commenter who tends to seek novelty, ideas, and new experiences much more than most people, and who tends to feel anxiety, worry, or emotional ups-and-downs much more than most people","- emo_sad: words expressing sadness or low mood; aim for lower than typical (target ≈ 0.04% of words)
- focusfuture: words oriented toward the future (plans, will, gonna); aim for about typical (target ≈ 1.30% of words)
- mental: words referring to mental states or cognition about the mind; aim for lower than typical (target ≈ 0.04% of words)
- certitude: words expressing certainty or conviction; aim for lower than typical (target ≈ 0.80% of words)
- fatigue: words about tiredness or fatigue; aim for lower than typical (target ≈ 0.02% of words)
- Affect: overall affective / emotional language; aim for about typical (target ≈ 5.45% of words)
- adverb: adverbs that modify how actions or states are described; aim for about typical (target ≈ 5.66% of words)
- swear: swear / curse words; aim for lower than typical (target ≈ 0.21% of words)","Here are excerpts from writers with a closely matching linguistic profile. Match their voice, tone, and word choice — not their topics:

Example 1: ""No, they do not. The people here probably do, but we're tinkerers by nature. We can't help it. But most GMs use an established setting, unless you think the only people running Starwars is George Lucas. Hell, nearly every GURPS/FATE/Generic d20 fantasy game I've played or run uses an established setting too. Unless I've had the misfortune of only playing games with uncreative dolts or adults pressed for time, that seems to be a crazy perspective to have.""

Example 2: ""De winter van 44. Ik heb een legit excuus om eronder uit te komen. ^^^^^^OuluToch moet ik zeggen, dat je toch best netjes gemaakt hebt haha. Poopie head! In this context AD stands for Active Directory. Vous ne méritez rien, bienvenue dans le monde réel. Fuck communism tho. Jesus Christ, why does she still even wear makeup... It's not like she is going to be any more attractive. Wel heel sportief dat ik jouw hele artikel lees en je mij dan afrekent op deze ene opmerking.""","[388, 556]","[0.5752, 0.7098]",0.8545972915181753,0.872416250890948,0.04,1.3,0.04,0.8,0.02,5.447040685662143,5.66,0.21
